{
  "Component-preload.js": 1599560153847,
  "controller/View1.controller.js": 1599554801641,
  "model/models.js": 1599554801641,
  "manifest.json": 1599560153873,
  "Component.js": 1599554801637,
  "manifest-bundle.zip": 1599560153645,
  "i18n/i18n.properties": 1599554801641,
  "model/models-dbg.js": 1599554801641,
  "controller/View1-dbg.controller.js": 1599554801641,
  "Component-dbg.js": 1599554801637,
  "resources.json": 1599560153876,
  "view/View1.view.xml": 1599554801641,
  "css/style.css": 1599554801641,
  "index.html": 1599554801637
}